split,col,proxy_versions,count,mean,std,min,1%,10%,50%,90%,99%,max
train,cash_at,"v1,v2,v3",48458.0,17.19676517546727,92.48628339299127,0.0,0.0,0.0008093249668858732,0.10243727621405829,0.9560052673588276,555.5028403856953,999.1143317230282
train,ceq_at,"v1,v3",48458.0,-8.914256763989387,858.6288151740058,-108874.50980392148,-506.545930293067,-0.3398316309205758,0.36843009927117365,0.9495982580053297,829.2897193785767,4761.002785515317
train,current_ratio,"v1,v2,v3",48458.0,242.44340447054725,2135.5684441361027,1.866019779809667e-06,0.0003224362802718039,0.062463560251265746,1.6884635872693488,16.127039367957146,5154.9713068486335,161193.6170212765
train,debt_at,"v1,v2",48458.0,31.565162955609363,364.6441950411997,0.0,0.0,0.0,0.16262074359759815,1.2802368708792142,604.9629011491465,26189.67468175389
train,debt_to_ebitda,"v1,v2",48391.0,1468.953681583325,242043.213125202,-2675131.8584491354,-1162.9974099364256,-1.6521204671173948,0.20343959053562605,10.289390200916463,5730.79997767954,51966749.99999999
train,dlc_at,v1,48458.0,15.909202229315422,318.3037937508511,0.0,0.0,0.0,0.007154203056450457,0.4151005051125052,200.5419842829078,26184.865629420085
train,dltt_at,v1,48458.0,15.655960726293937,157.80102579142542,0.0,0.0,0.0,0.05901849798499757,0.6338582558885087,457.6591959729518,23823.68421052633
train,ebit_to_capital,"v1,v2,v3",48422.0,25.639396287766495,3501.1880989895176,-30742.424242424247,-107.31858258033473,-0.6538441022147491,0.050540851098926004,0.38473692701229145,54.50458910508422,601166.6666666663
train,ebitda_at,"v1,v2",48458.0,-30.657234388070766,985.765666546873,-169178.51612903224,-612.4861565420562,-1.0796922958870478,0.020815170191121064,0.2040097340305068,144.13058458741884,7421.0126582278435
train,fcf_to_debt,v2,39624.0,-172.43867081077906,25139.980921101607,-1656199.9999999993,-2299.7233223684193,-4.397146985721767,0.04021275036804505,1.4380760185277737,761.1110323599219,2357799.999999999
train,intan_at,"v1,v2,v3",48458.0,9.556164154899935,63.069346028959146,0.0,0.0,0.0,0.016812440403796786,0.5922471829767721,354.48982909770325,977.8286384976532
train,interest_coverage,"v1,v2",42096.0,4235.234345668041,308024.60076839314,-6750623.781622039,-20866.572580645163,-60.80856208836114,3.3873629915886614,118.97153272420431,26966.428973233855,32092600.000000022
train,invt_act,"v1,v2,v3",48458.0,10.118179488020614,65.50524546125632,0.0,0.0,0.0,0.02365177042033906,0.547205069594841,372.41100502247644,2425.0
train,ln_at,"v1,v2,v3",48458.0,11.001000687521405,3.6131680649615494,-0.07257069283483537,-0.07257069283483526,6.2822387082025895,11.40881970155436,15.148055637471856,17.741002748302265,17.74234588470021
train,loss_indicator,v3,48458.0,0.49356143464443436,0.49996370191645323,0.0,0.0,0.0,0.0,1.0,1.0,1.0
train,lt_at,"v1,v2,v3",48458.0,75.86050077993214,625.5664027943373,1.2054262241849346e-06,0.0001615486170140647,0.03172568990612648,0.580436166175694,14.018829676071114,1080.8434831193088,46098.92473118277
train,niadj_at,v3,48458.0,-43.97562912852447,1304.4274844854915,-170332.25806451615,-807.3309531329287,-1.6214155658963794,7.614702560201925e-06,0.11538185338997649,73.94264514522017,39949.46236559142
train,nwc_at,"v1,v2,v3",48458.0,-14.580708525241105,550.6899056730362,-46098.838709677395,-450.25010504201714,-0.5048548548280135,0.09562126572507916,0.812597937675232,562.1126240932113,999.8107255520504
train,ocf_to_debt,v2,39624.0,-57.72053261459891,26438.582613774575,-1655499.9999999993,-1587.099250936329,-2.162434742655682,0.1272198198719875,2.7925455588563324,1138.05420725107,2564299.999999999
train,ppent_at,"v1,v2,v3",48458.0,19.44561777990799,105.51842328631656,0.0,0.0,5.3389350164260516e-05,0.1089350679956944,0.9230240179889555,701.7776243545156,998.360981424456
train,prstkc_at,"v1,v3",48458.0,1.1099723945993545,55.59822160621266,0.0,0.0,0.0,0.0,0.03539966013209827,13.083731684371596,11006.028938906751
train,re_at,"v1,v3",48458.0,-521.4574371284737,6582.496423522205,-443861.5384615386,-10882.099686379926,-21.677986085172098,-0.0397784411521421,0.44377574693300914,288.2634184275442,2461.3531367080773
train,rect_act,"v1,v2,v3",48458.0,20.229526185880818,150.51056022502118,0.0,0.0,0.00017028463611336905,0.27888050537992903,10.143576485629975,531.8452362316882,26294.90042806818
train,st_debt_share,"v1,v2",39624.0,0.33796329715527984,0.39006052530999175,0.0,0.0,0.0,0.13281082410262965,1.0,1.0,1.0
train,xint_at,"v1,v2,v3",48458.0,7.277215567014436,458.2935387042238,0.0,0.0,0.0,0.008199762472106409,0.2043352192609333,63.73570262428089,98900.00000000003
val,cash_at,"v1,v2,v3",6851.0,22.258116189407854,106.24550305336516,0.0,0.0,0.0014944800655642874,0.1470477362512531,0.9710144927536232,684.0063651144876,990.2113459399335
val,ceq_at,"v1,v3",6851.0,1.934044910955435,759.2789758419315,-36596.77419354841,-317.44143764261753,-0.023328922995501444,0.419610587296962,0.9628691426072471,859.1581423989861,993.7247418051196
val,current_ratio,"v1,v2,v3",6851.0,314.5038033799541,2319.457630659022,2.978517442942777e-06,0.0006099071148215496,0.11409395973154363,1.836887608069163,21.341538142532713,8686.013104965587,68365.88235294113
val,debt_at,"v1,v2",6851.0,32.76182121572928,487.5220967985883,0.0,0.0,3.885747753024125e-05,0.18489868942338578,2.032685216225274,582.5752632295795,36390.32258064514
val,debt_to_ebitda,"v1,v2",6846.0,339.700502138304,31856.593623580644,-1615632.7649054627,-1654.1448419054793,-2.9483360149976163,0.30139127555997314,12.560388158565747,5756.081250637057,1815360.2634785858
val,dlc_at,v1,6851.0,16.323043390737535,472.1618725342839,0.0,0.0,0.0,0.011513309791788388,0.4829134086301759,192.7623596264322,36390.32258064514
val,dltt_at,v1,6851.0,16.438777824991746,98.54384502906093,0.0,0.0,0.0,0.09863645114893711,0.7193911317008606,473.61834635598274,3801.0752688172074
val,ebit_to_capital,"v1,v2,v3",6850.0,-52.2534697645543,2979.6522393886607,-185500.00000000006,-40.036144553447855,-0.5918022677665903,0.023766072075477387,0.3126788432819092,11.490682411744622,25125.000000000004
val,ebitda_at,"v1,v2",6851.0,-37.10759695607541,1414.2670993484555,-112135.48387096771,-507.2675911658961,-0.7452966714905936,0.01605993918725956,0.2269589008984592,158.1616568814083,539.4120683183182
val,fcf_to_debt,v2,6257.0,-405.31278515836874,14407.631415047827,-481799.9999999997,-2018.4240930232552,-9.78539816268001,0.010160868775244934,1.451308697306338,220.912888888887,593824.7850748987
val,intan_at,"v1,v2,v3",6851.0,10.97524633527186,69.38366596313953,0.0,0.0,0.0,0.019050583323495004,0.6285271735470401,411.1757473830631,995.1219512195119
val,interest_coverage,"v1,v2",6091.0,-3886.423444679628,161296.58793525575,-6397699.999999994,-61631.36363636368,-169.12500000000006,2.98343685300207,99.27586206896554,32620.755512572818,3820800.000000003
val,invt_act,"v1,v2,v3",6851.0,9.02593369097284,60.977095059156966,0.0,0.0,0.0,0.013154443039325845,0.5223477715003138,352.7334587864833,951.8518518518517
val,ln_at,"v1,v2,v3",6851.0,11.295442475855616,3.516330284300454,-0.07257069283483537,0.0,6.822197390620491,11.740714210644164,15.323076529248908,17.737427833078236,17.74234588470021
val,loss_indicator,v3,6851.0,0.481681506349438,0.49970079062656986,0.0,0.0,0.0,0.0,1.0,1.0,1.0
val,lt_at,"v1,v2,v3",6851.0,78.44566414641547,754.5294071346794,1.3179255113427813e-06,0.00014102348988714777,0.040846049993863286,0.5486141349695993,10.782945736434117,968.7507601522342,36897.84946236557
val,niadj_at,v3,6851.0,-45.39109246160564,1440.1325572296562,-112345.16129032253,-676.392786400477,-1.1637649619151256,4.8754910707298366e-05,0.15081743869209815,87.40671620607219,8001.075268817206
val,nwc_at,"v1,v2,v3",6851.0,-14.308409551324644,716.8889274701219,-36897.54838709676,-421.3484705765087,-0.2578712714390433,0.13058350737360602,0.8921979865771815,694.9701930859082,991.5643469971396
val,ocf_to_debt,v2,6257.0,-204.36685913184527,12809.008833028705,-409242.8571428574,-1411.439581151833,-6.912278683697135,0.08554047036130277,2.1817083192239934,315.1826413929511,624555.3835577208
val,ppent_at,"v1,v2,v3",6851.0,17.917083825288852,92.55717973574062,0.0,0.0,7.734257421020992e-05,0.10303582449231496,0.8892920754568452,580.6795635207702,945.1975153434445
val,prstkc_at,"v1,v3",6851.0,1.080733649595507,14.471079399703303,0.0,0.0,0.0,0.0,0.039868701930267474,16.036959186452915,539.9981939678526
val,re_at,"v1,v3",6851.0,-519.3894961834666,6717.3847150665115,-312700.0000000001,-8924.374811463043,-16.65524660708375,-0.07745100358380543,0.4228401928068226,243.1727811601057,1229.132737276477
val,rect_act,"v1,v2,v3",6851.0,17.828657517357204,87.02833528193715,0.0,0.0,8.953479351451985e-05,0.22758797716688461,7.6968560574820835,468.8035113817382,2563.448339246705
val,st_debt_share,"v1,v2",6257.0,0.30624377666432595,0.3568817789056442,0.0,0.0,0.00014943728389694454,0.13730252431551138,0.9955078461215671,1.0,1.0
val,xint_at,"v1,v2,v3",6851.0,3.932515222833081,82.16142848891339,0.0,0.0,0.0,0.006404371802330129,0.1622612681436209,44.10236896982545,4705.376344086021
test,cash_at,"v1,v2,v3",19696.0,18.120470734506544,97.92248169750637,0.0,0.0,0.002115372781740254,0.11223195004133091,0.9238808996926895,633.5358673176265,991.243243243244
test,ceq_at,"v1,v3",19696.0,-2.1764432070064603,1347.4321694538007,-174844.08602150524,-291.52879660400635,-0.12442866769050276,0.38319508732882296,0.9270015221660524,811.9715940037704,1310.2913825170479
test,current_ratio,"v1,v2,v3",19696.0,266.2125555258584,3293.3193963203616,1.8905378580206075e-06,0.0004932894197649336,0.09827483312139682,1.638156528559851,15.043163859643641,5336.427815153277,235704.25531914886
test,debt_at,"v1,v2",19696.0,31.1551882230452,678.0384868367032,0.0,0.0,0.0010076585949523333,0.19803195845082516,1.4534702554720584,585.8466265087355,85651.61290322577
test,debt_to_ebitda,"v1,v2",19688.0,-1580.4773789961869,445134.4508431182,-56963694.45345159,-1987.4268296947607,-2.8105796082645855,0.37739215207117205,10.870949731371354,6435.677455369856,23707696.74523647
test,dlc_at,v1,19696.0,15.107950326833443,646.3723418306796,0.0,0.0,0.0,0.017017077967405814,0.47122323483956435,157.12800043444997,85651.61290322577
test,dltt_at,v1,19696.0,16.047237896211758,159.3708946656148,0.0,0.0,0.0,0.10714170525792313,0.7355528374941327,455.5739055780647,18024.73118279569
test,ebit_to_capital,"v1,v2,v3",19688.0,-24.130146590465802,3106.5342316384376,-432633.33333333366,-39.96950541814587,-0.8188319127360418,0.03557719654994769,0.3477452471966178,15.785473670549356,22800.000000000007
test,ebitda_at,"v1,v2",19696.0,-20.0489255480796,287.98339801179776,-21578.494623655915,-639.5311833636763,-1.067490246723156,0.017186751659413683,0.2161078979465616,141.52105425046688,8545.081081081076
test,fcf_to_debt,v2,18374.0,729.5987513460259,151003.47588605268,-1646400.0,-1054.1157894736848,-9.2070005566663,0.006585123749198054,1.4426431034764997,143.9280988585032,20376800.00000001
test,intan_at,"v1,v2,v3",19696.0,9.185256483569113,63.61533368179224,0.0,0.0,0.0,0.018677437866225725,0.5932870619928167,365.96236634421,984.6209386281582
test,interest_coverage,"v1,v2",17407.0,-3114.1094786254266,108247.0809084864,-8694264.548349366,-38089.14931506848,-117.69779882604054,2.7993361277348394,78.24751401084906,18542.30777772806,5224617.500000002
test,invt_act,"v1,v2,v3",19696.0,10.219137832745227,66.32725998782506,0.0,0.0,0.0,0.012406678646875391,0.5327148811911754,402.8722896994625,897.6331360946742
test,ln_at,"v1,v2,v3",19696.0,11.29667096142019,3.457218225261898,-0.07257069283483537,1.0880543342414077,7.058156046339553,11.543962978834173,15.35402636480405,17.74234588470021,17.74234588470021
test,loss_indicator,v3,19696.0,0.5027416734362307,0.5000051763953944,0.0,0.0,0.0,1.0,1.0,1.0,1.0
test,lt_at,"v1,v2,v3",19696.0,72.06594853968306,1485.074641291302,1.3614255550880947e-06,0.00017083315719202522,0.051772517890699615,0.5759396961829015,5.059860204593953,984.2645248060928,196832.25806451612
test,niadj_at,v3,19696.0,-32.63398334051534,584.9490729257595,-43775.26881720431,-762.387130899514,-1.501915335682147,-1.0983852747334663e-05,0.13208419320128412,77.90301080136321,13491.571428571437
test,nwc_at,"v1,v2,v3",19696.0,-14.167886680793739,1459.0743416952023,-196831.4193548387,-349.73953264716687,-0.3891165926801634,0.101729708907154,0.8139521133489822,611.5338119644175,994.1298198349888
test,ocf_to_debt,v2,18374.0,852.3366036069812,154885.497144723,-1634700.0,-762.1832862895974,-6.370690876152827,0.09005418833758697,2.1831255361809934,219.4194563663087,20913100.00000001
test,ppent_at,"v1,v2,v3",19696.0,16.652946551363033,92.4592124601637,0.0,0.0,0.0001227394833375357,0.11470895262905907,0.8721107498293648,580.6638077168346,991.5794163510805
test,prstkc_at,"v1,v3",19696.0,0.9677813700913976,32.02067629408289,0.0,0.0,0.0,0.0,0.05005113896442301,15.33531970399365,3845.0884744141554
test,re_at,"v1,v3",19696.0,-580.2025319707678,11347.444556213093,-1048298.9247311819,-8317.147033470006,-16.460049460770172,-0.06506293544032497,0.4422665359945611,250.47347238430103,2345.6859770068127
test,rect_act,"v1,v2,v3",19696.0,19.56013260630273,142.48330843824655,0.0,0.0,0.00023872242288846705,0.26277685375355064,10.147463792866649,513.6167457237541,15621.560218132287
test,st_debt_share,"v1,v2",18374.0,0.3341469615029836,0.3631775748238397,0.0,0.0,0.0005863942486673527,0.16914378651786105,0.996160786714347,1.0,1.0
test,xint_at,"v1,v2,v3",19696.0,4.693322890755864,164.26434002239333,0.0,0.0,0.0,0.00802348204636252,0.13303434053995078,46.34967947406287,15302.150537634408
